{"cameraMode":{"drawMode":2,"name":"Shaded Wireframe","section":"Shading Mode"},"sceneLighting":false,"audioPlay":false,"sceneViewState":{"m_AlwaysRefresh":false,"showFog":true,"showSkybox":false,"showFlares":true,"showImageEffects":true,"showParticleSystems":true,"showVisualEffectGraphs":true,"m_FxEnabled":true},"in2DMode":false,"pivot":{"x":0.033223628997802737,"y":1.0299999713897706,"z":0.05674093961715698},"rotation":{"x":0.262680321931839,"y":0.18386389315128327,"z":-0.05106337368488312,"w":0.9458276629447937},"size":1.8980144262313843,"orthographic":false}