{"cameraMode":{"drawMode":0,"name":"Shaded","section":"Shading Mode"},"sceneLighting":false,"audioPlay":false,"sceneViewState":{"showFog":true,"showMaterialUpdate":false,"showSkybox":false,"showFlares":true,"showImageEffects":true,"showParticleSystems":true},"in2DMode":false,"pivot":{"x":-0.6980099678039551,"y":-0.6659069061279297,"z":-1.0805034637451172},"rotation":{"x":0.1969335377216339,"y":0.027933338657021524,"z":-0.005611523054540157,"w":0.9800078272819519},"size":4.035678386688232,"orthographic":false}