{"cameraMode":{"drawMode":0,"name":"Shaded","section":"Shading Mode"},"sceneLighting":false,"audioPlay":false,"sceneViewState":{"m_AlwaysRefresh":false,"showFog":true,"showSkybox":false,"showFlares":true,"showImageEffects":true,"showParticleSystems":true,"showVisualEffectGraphs":true,"m_FxEnabled":true},"in2DMode":false,"pivot":{"x":-0.0024932026863098146,"y":0.052599191665649417,"z":0.024905681610107423},"rotation":{"x":0.1429058015346527,"y":-0.004453902132809162,"z":0.0006430802750401199,"w":0.989726185798645},"size":1.1277904510498047,"orthographic":false}