{"cameraMode":{"drawMode":2,"name":"Shaded Wireframe","section":"Shading Mode"},"sceneLighting":false,"audioPlay":false,"sceneViewState":{"m_AlwaysRefresh":false,"showFog":true,"showSkybox":false,"showFlares":true,"showImageEffects":true,"showParticleSystems":true,"showVisualEffectGraphs":true,"m_FxEnabled":true},"in2DMode":false,"pivot":{"x":0.10000002384185791,"y":1.6412371397018433,"z":4.480000019073486},"rotation":{"x":0.12408426403999329,"y":-0.038688331842422488,"z":0.004841743968427181,"w":0.9915056228637695},"size":2.136840581893921,"orthographic":false}