{"cameraMode":{"drawMode":2,"name":"Shaded Wireframe","section":"Shading Mode"},"sceneLighting":false,"audioPlay":false,"sceneViewState":{"m_AlwaysRefresh":false,"showFog":true,"showSkybox":false,"showFlares":true,"showImageEffects":true,"showParticleSystems":true,"showVisualEffectGraphs":true,"m_FxEnabled":true},"in2DMode":false,"pivot":{"x":-0.13999998569488526,"y":2.059999942779541,"z":-1.6200000047683716},"rotation":{"x":0.45856770873069765,"y":-0.043422549962997439,"z":0.022441109642386438,"w":0.887315034866333},"size":0.4330126941204071,"orthographic":false}